Session,Location,Crowd Density,Time,BSSID,Signal (%),Signal (dBm),Ping (ms),Link (Mbps),DL (Mbps),UL (Mbps),Status
NIGHT,DISANG ROAD,1,0:25:24,Unknown,92,-54,525,72.2,0,0,DEGRADED
NIGHT,DISANG ROAD,1,0:25:30,Unknown,92,-54,152,72.2,0,0,DEGRADED
NIGHT,DISANG ROAD,1,0:25:36,Unknown,92,-54,553,72.2,0,0,DEGRADED
NIGHT,DISANG ROAD,1,0:25:42,Unknown,92,-54,356,72.2,0,0,DEGRADED
NIGHT,DISANG ROAD,1,0:25:47,Unknown,92,-54,399,72.2,0,0,DEGRADED
NIGHT,DISANG ROAD,1,0:25:53,Unknown,92,-54,166,72.2,0,0,DEGRADED
NIGHT,DISANG ROAD,1,0:25:58,Unknown,92,-54,245,72.2,9.56,5.62,DEGRADED
NIGHT,DISANG ROAD,1,0:26:04,Unknown,92,-54,182,72.2,9.56,5.62,DEGRADED
NIGHT,DISANG ROAD,1,0:26:09,Unknown,92,-54,158,72.2,9.56,5.62,DEGRADED
NIGHT,DISANG ROAD,1,0:26:15,Unknown,92,-54,770,72.2,9.56,5.62,DEGRADED
NIGHT,DISANG ROAD,1,0:26:21,Unknown,92,-54,307,72.2,9.56,5.62,DEGRADED
NIGHT,DISANG ROAD,1,0:26:27,Unknown,92,-54,226,72.2,9.56,5.62,DEGRADED
NIGHT,new sac,2,0:03:13,Unknown,81,-59,999,156,0,0,DEGRADED
NIGHT,new sac,2,0:03:22,Unknown,81,-59,999,156,0,0,DEGRADED
NIGHT,new sac,2,0:03:31,Unknown,81,-59,999,156,35.7,10.46,DEGRADED
NIGHT,new sac,2,0:03:40,Unknown,81,-59,999,156,35.7,10.46,DEGRADED
NIGHT,new sac,2,0:03:49,Unknown,81,-59,999,156,35.7,10.46,DEGRADED
NIGHT,new sac,2,0:03:58,Unknown,81,-59,999,156,35.7,10.46,DEGRADED
NIGHT,new sac,2,0:04:07,Unknown,81,-59,999,156,35.7,10.46,DEGRADED
NIGHT,new sac,2,0:04:16,Unknown,90,-55,90,433.3,35.7,10.46,OK
NIGHT,new sac,2,0:04:21,Unknown,90,-55,126,433.3,35.7,10.46,OK
NIGHT,new sac,2,0:04:27,Unknown,90,-55,101,433.3,35.7,10.46,OK
NIGHT,new sac,2,0:04:32,Unknown,90,-55,110,433.3,35.7,10.46,OK
NIGHT,new sac,2,0:04:37,Unknown,90,-55,79,433.3,35.7,10.46,OK
NIGHT,new sac,2,0:04:43,Unknown,90,-55,84,433.3,35.7,10.46,OK
NIGHT,new sac,2,0:04:48,Unknown,90,-55,97,433.3,35.7,10.46,OK
NIGHT,new sac,2,0:04:53,Unknown,90,-55,92,433.3,35.7,10.46,OK
NIGHT,new sac,2,0:04:59,Unknown,90,-55,215,433.3,35.7,10.46,DEGRADED
NIGHT,new sac,2,0:05:04,Unknown,91,-54,81,72.2,11.98,9.52,OK
NIGHT,new sac,2,0:05:09,Unknown,91,-54,1049,72.2,11.98,9.52,DEGRADED
NIGHT,new sac,2,0:05:16,Unknown,91,-54,100,72.2,11.98,9.52,OK
NIGHT,new sac,2,0:05:21,Unknown,91,-54,100,72.2,11.98,9.52,OK
NIGHT,CORE5 GF,4,0:33:41,Unknown,75,-62,999,144.4,0,0,DEGRADED
NIGHT,CORE5 GF,4,0:33:50,Unknown,72,-64,999,130,0,0,DEGRADED
NIGHT,CORE5 GF,4,0:33:59,Unknown,59,-70,999,325,9.06,9.18,DEGRADED
NIGHT,CORE5 GF,4,0:34:08,Unknown,61,-69,999,325,9.06,9.18,DEGRADED
NIGHT,CORE5 GF,4,0:34:17,Unknown,61,-69,999,325,9.06,9.18,DEGRADED
NIGHT,CORE5 GF,4,0:34:26,Unknown,61,-69,999,325,9.06,9.18,DEGRADED
NIGHT,CORE5 GF,4,0:34:35,Unknown,80,-60,999,144.4,9.06,9.18,DEGRADED
NIGHT,CORE5 GF,4,0:34:44,Unknown,82,-59,999,144.4,9.06,9.18,DEGRADED
NIGHT,CORE5 GF,4,0:34:53,Unknown,82,-59,999,144.4,9.06,9.18,DEGRADED
NIGHT,CORE5 GF,4,0:35:02,Unknown,85,-57,999,144.4,9.06,9.18,DEGRADED
NIGHT,CORE5 GF,4,0:35:11,Unknown,85,-57,999,144.4,9.06,9.18,DEGRADED
NIGHT,CORE5 GF,4,0:35:20,Unknown,85,-57,999,144.4,9.06,9.18,DEGRADED
NIGHT,CORE5 GF,4,0:35:29,Unknown,85,-57,999,144.4,9.06,9.18,DEGRADED
NIGHT,CORE5 GF,4,0:35:38,Unknown,69,-65,999,130,9.06,9.18,DEGRADED
NIGHT,CORE5 GF,4,0:35:47,Unknown,69,-65,999,130,9.06,9.18,DEGRADED
NIGHT,CORE5 GF,4,0:35:56,Unknown,69,-65,999,130,5,8.55,DEGRADED
NIGHT,CORE5 GF,4,0:36:05,Unknown,75,-62,999,144.4,5,8.55,DEGRADED
NIGHT,CORE5 GF,4,0:36:14,Unknown,66,-67,999,86.7,5,8.55,DEGRADED
NIGHT,CORE5 GF,4,0:36:23,Unknown,68,-66,999,86.7,5,8.55,DEGRADED
NIGHT,CORE5 GF,4,0:36:32,Unknown,81,-59,999,144.4,5,8.55,DEGRADED
NIGHT,CORE5 GF,4,0:36:41,Unknown,87,-56,999,144.4,5,8.55,DEGRADED
NIGHT,CORE5 GF,4,0:36:50,Unknown,87,-56,999,144.4,5,8.55,DEGRADED
NIGHT,CORE5 GF,4,0:36:59,Unknown,87,-56,999,144.4,5,8.55,DEGRADED
NIGHT,CLASSROOM,2,0:40:01,Unknown,87,-56,999,433.3,0,0,DEGRADED
NIGHT,CLASSROOM,2,0:40:10,Unknown,79,-60,999,390,0,0,DEGRADED
NIGHT,CLASSROOM,2,0:40:19,Unknown,84,-58,999,433.3,0,0,DEGRADED
NIGHT,CLASSROOM,2,0:40:28,Unknown,84,-58,999,433.3,2.38,4.64,DEGRADED
NIGHT,CLASSROOM,2,0:40:37,Unknown,84,-58,999,433.3,2.38,4.64,DEGRADED
NIGHT,CLASSROOM,2,0:40:46,Unknown,86,-57,999,433.3,2.38,4.64,DEGRADED
NIGHT,CLASSROOM,2,0:40:55,Unknown,84,-58,999,433.3,2.38,4.64,DEGRADED
NIGHT,CLASSROOM,2,0:41:04,Unknown,83,-58,999,433.3,2.38,4.64,DEGRADED
NIGHT,CLASSROOM,2,0:41:13,Unknown,81,-59,999,433.3,2.38,4.64,DEGRADED
NIGHT,CLASSROOM,2,0:41:22,Unknown,83,-58,999,433.3,2.38,4.64,DEGRADED
NIGHT,CLASSROOM,2,0:41:31,Unknown,83,-58,999,433.3,2.38,4.64,DEGRADED
NIGHT,CLASSROOM,2,0:41:40,Unknown,83,-58,999,433.3,2.38,4.64,DEGRADED
NIGHT,CLASSROOM,2,0:41:49,Unknown,83,-58,999,433.3,2.38,4.64,DEGRADED
NIGHT,CLASSROOM,2,0:41:58,Unknown,83,-58,999,433.3,2.38,4.64,DEGRADED
NIGHT,CLASSROOM,2,0:42:07,Unknown,83,-58,999,433.3,2.38,4.64,DEGRADED
NIGHT,CLASSROOM,2,0:42:16,Unknown,83,-58,999,433.3,8.67,10.12,DEGRADED
NIGHT,CLASSROOM,2,0:42:25,Unknown,83,-58,999,433.3,8.67,10.12,DEGRADED
NIGHT,CLASSROOM,2,0:42:34,Unknown,83,-58,999,433.3,8.67,10.12,DEGRADED
NIGHT,CLASSROOM,2,0:42:43,Unknown,83,-58,999,433.3,8.67,10.12,DEGRADED
NIGHT,CLASSROOM,2,0:42:52,Unknown,83,-58,999,433.3,8.67,10.12,DEGRADED
NIGHT,CLASSROOM,2,0:43:01,Unknown,83,-58,999,433.3,8.67,10.12,DEGRADED
NIGHT,CLASSROOM,2,0:43:10,Unknown,83,-58,999,433.3,8.67,10.12,DEGRADED
NIGHT,CLASSROOM,2,0:43:19,Unknown,83,-58,999,433.3,8.67,10.12,DEGRADED
NIGHT,CLASSROOM,2,0:43:28,Unknown,83,-58,999,433.3,8.67,10.12,DEGRADED
NIGHT,CLASSROOM,2,0:43:37,Unknown,83,-58,999,433.3,8.67,10.12,DEGRADED
NIGHT,CLASSROOM,2,0:43:46,Unknown,83,-58,999,433.3,8.67,10.12,DEGRADED
NIGHT,CLASSROOM,2,0:43:55,Unknown,83,-58,999,433.3,8.67,10.12,DEGRADED
NIGHT,CLASSROOM,2,0:44:04,Unknown,83,-58,999,433.3,8.67,10.12,DEGRADED
NIGHT,CLASSROOM,2,0:44:13,Unknown,83,-58,999,433.3,5.71,4.09,DEGRADED
NIGHT,CLASSROOM,2,0:44:22,Unknown,83,-58,999,433.3,5.71,4.09,DEGRADED
NIGHT,CLASSROOM,2,0:44:31,Unknown,83,-58,999,433.3,5.71,4.09,DEGRADED
NIGHT,CLASSROOM,2,0:44:40,Unknown,83,-58,999,433.3,5.71,4.09,DEGRADED
NIGHT,CLASSROOM,2,0:44:49,Unknown,83,-58,999,433.3,5.71,4.09,DEGRADED
NIGHT,CLASSROOM,2,0:44:58,Unknown,83,-58,999,433.3,5.71,4.09,DEGRADED
NIGHT,CLASSROOM,2,0:45:07,Unknown,83,-58,999,433.3,5.71,4.09,DEGRADED
NIGHT,CLASSROOM,2,0:45:16,Unknown,83,-58,999,433.3,5.71,4.09,DEGRADED
NIGHT,CLASSROOM,2,0:45:25,Unknown,83,-58,999,433.3,5.71,4.09,DEGRADED
NIGHT,ROADS,1,1:01:59,Unknown,91,-54,999,433.3,0,0,DEGRADED
NIGHT,ROADS,1,1:02:08,NONE,0,-100,999,0,0,0,DEGRADED
NIGHT,ROADS,1,1:02:17,Unknown,93,-53,100,433.3,0,0,OK
NIGHT,ROADS,1,1:02:22,Unknown,93,-53,238,433.3,0,0,DEGRADED
NIGHT,ROADS,1,1:02:28,Unknown,93,-53,131,433.3,0,0,OK
NIGHT,ROADS,1,1:02:33,Unknown,93,-53,81,433.3,0,0,OK
NIGHT,ROADS,1,1:02:38,Unknown,93,-53,140,433.3,0,0,OK
NIGHT,ROADS,1,1:02:44,Unknown,93,-53,109,433.3,0,0,OK
NIGHT,ROADS,1,1:02:49,Unknown,93,-53,174,433.3,0,0,DEGRADED
NIGHT,ROADS,1,1:02:54,Unknown,93,-53,95,433.3,0,0,OK
NIGHT,ROADS,1,1:03:00,Unknown,93,-53,116,433.3,0,0,OK
NIGHT,ROADS,1,1:03:05,Unknown,93,-53,342,433.3,0,0,DEGRADED
NIGHT,ROADS,1,1:03:11,Unknown,93,-53,324,433.3,0,0,DEGRADED
NIGHT,ROADS,1,1:03:16,Unknown,93,-53,178,433.3,0,0,DEGRADED
NIGHT,ROADS,1,1:03:22,Unknown,93,-53,319,433.3,0,0,DEGRADED
NIGHT,ROADS,1,1:03:27,Unknown,93,-53,177,433.3,0,0,DEGRADED
NIGHT,ROADS,1,1:03:33,Unknown,93,-53,1039,433.3,0,0,DEGRADED
NIGHT,ROADS,1,1:03:39,Unknown,93,-53,148,433.3,3.86,9.92,OK
NIGHT,ROADS,1,1:03:45,Unknown,93,-53,114,433.3,3.86,9.92,OK
NIGHT,ROADS,1,1:03:50,Unknown,93,-53,154,433.3,3.86,9.92,DEGRADED
NIGHT,ROADS,1,1:03:55,Unknown,93,-53,475,433.3,3.86,9.92,DEGRADED
NIGHT,ROADS,1,1:04:01,Unknown,93,-53,725,433.3,3.86,9.92,DEGRADED
NIGHT,ROADS,1,1:04:07,Unknown,94,-53,90,433.3,3.86,9.92,OK
NIGHT,ROADS,1,1:04:12,Unknown,94,-53,54,433.3,3.86,9.92,OK
NIGHT,ROADS,1,1:04:18,Unknown,94,-53,65,433.3,3.86,9.92,OK
NIGHT,ROADS,1,1:04:23,Unknown,94,-53,62,433.3,3.86,9.92,OK
NIGHT,ROADS,1,1:04:28,Unknown,94,-53,151,433.3,3.86,9.92,DEGRADED
NIGHT,ROADS,1,1:04:34,Unknown,94,-53,86,433.3,104.75,16.88,OK
NIGHT,ROADS,1,1:04:39,Unknown,94,-53,66,433.3,104.75,16.88,OK
NIGHT,ROADS,1,1:04:45,Unknown,94,-53,74,433.3,104.75,16.88,OK
NIGHT,ROADS,1,1:04:50,Unknown,94,-53,190,433.3,104.75,16.88,DEGRADED
NIGHT,ROADS,1,1:04:55,Unknown,94,-53,91,433.3,104.75,16.88,OK
NIGHT,ROADS,1,1:05:01,Unknown,94,-53,60,433.3,104.75,16.88,OK
NIGHT,ROADS,1,1:05:06,Unknown,94,-53,92,433.3,104.75,16.88,OK
NIGHT,ROADS,1,1:05:11,Unknown,94,-53,86,433.3,104.75,16.88,OK
NIGHT,ROADS,1,1:05:17,Unknown,94,-53,89,433.3,104.75,16.88,OK
NIGHT,ROADS,1,1:05:22,Unknown,94,-53,82,433.3,104.75,16.88,OK
NIGHT,ROADS,1,1:05:28,Unknown,94,-53,62,433.3,104.75,16.88,OK
NIGHT,ROADS,1,1:05:33,Unknown,94,-53,57,433.3,104.75,16.88,OK
NIGHT,ROADS,1,1:05:38,Unknown,94,-53,66,433.3,104.75,16.88,OK
NIGHT,ROADS,1,1:05:44,Unknown,94,-53,74,433.3,84.88,16.3,OK
NIGHT,ROADS,1,1:05:49,Unknown,94,-53,156,433.3,84.88,16.3,DEGRADED
NIGHT,ROADS,1,1:05:54,Unknown,94,-53,83,433.3,84.88,16.3,OK
NIGHT,ROADS,1,1:06:00,Unknown,94,-53,96,433.3,84.88,16.3,OK
NIGHT,ROADS,1,1:06:05,Unknown,76,-62,73,325,84.88,16.3,OK
NIGHT,ROADS,1,1:06:10,Unknown,81,-59,94,433.3,84.88,16.3,OK
NIGHT,ROADS,1,1:06:16,Unknown,81,-59,64,433.3,84.88,16.3,OK
NIGHT,ROADS,1,1:06:21,Unknown,82,-59,76,433.3,84.88,16.3,OK
NIGHT,ROADS,1,1:06:26,Unknown,82,-59,83,433.3,84.88,16.3,OK
NIGHT,ROADS,1,1:06:32,Unknown,82,-59,121,433.3,84.88,16.3,OK
NIGHT,ROADS,1,1:06:37,Unknown,82,-59,83,433.3,84.88,16.3,OK
NIGHT,ROADS,1,1:06:43,Unknown,82,-59,55,433.3,84.88,16.3,OK
NIGHT,ROADS,1,1:06:48,Unknown,82,-59,73,433.3,62.03,16.61,OK
NIGHT,ROADS,1,1:06:53,Unknown,82,-59,74,433.3,62.03,16.61,OK
NIGHT,ROADS,1,1:06:58,Unknown,82,-59,92,433.3,62.03,16.61,OK
NIGHT,CANTEEN,1,1:19:58,Unknown,37,-81,187,97.5,0,0,DEGRADED
NIGHT,CANTEEN,1,1:20:03,Unknown,37,-81,999,97.5,0,0,DEGRADED
NIGHT,CANTEEN,1,1:20:12,Unknown,59,-70,95,130,0,0,OK
NIGHT,CANTEEN,1,1:20:18,Unknown,37,-81,846,97.5,0,0,DEGRADED
NIGHT,CANTEEN,1,1:20:24,Unknown,37,-81,1134,97.5,0,0,DEGRADED
NIGHT,CANTEEN,1,1:20:30,Unknown,37,-81,94,97.5,0.34,6.52,OK
NIGHT,CANTEEN,1,1:20:35,Unknown,37,-81,999,97.5,0.34,6.52,DEGRADED
NIGHT,CANTEEN,1,1:20:44,Unknown,37,-81,999,97.5,0.34,6.52,DEGRADED
NIGHT,CANTEEN,1,1:20:53,Unknown,37,-81,999,97.5,0.34,6.52,DEGRADED
NIGHT,CANTEEN,1,1:21:02,NONE,0,-100,999,0,0.34,6.52,DEGRADED
NIGHT,CANTEEN,1,1:21:11,NONE,0,-100,999,0,0.34,6.52,DEGRADED
NIGHT,VISITOR ROOM,2,1:22:32,Unknown,91,-54,999,130,0,0,DEGRADED
NIGHT,VISITOR ROOM,2,1:22:41,Unknown,91,-54,999,130,0,0,DEGRADED
NIGHT,VISITOR ROOM,2,1:22:50,Unknown,91,-54,999,130,11.51,8.97,DEGRADED
NIGHT,VISITOR ROOM,2,1:22:59,Unknown,91,-54,999,130,11.51,8.97,DEGRADED
NIGHT,VISITOR ROOM,2,1:23:08,Unknown,73,-63,999,117,11.51,8.97,DEGRADED
NIGHT,VISITOR ROOM,2,1:23:17,Unknown,75,-62,999,130,11.51,8.97,DEGRADED
NIGHT,VISITOR ROOM,2,1:23:26,Unknown,67,-66,999,78,11.51,8.97,DEGRADED
NIGHT,VISITOR ROOM,2,1:23:35,Unknown,70,-65,999,117,11.51,8.97,DEGRADED
NIGHT,VISITOR ROOM,2,1:23:44,Unknown,81,-59,999,130,11.51,8.97,DEGRADED
NIGHT,VISITOR ROOM,2,1:23:53,Unknown,79,-60,999,130,11.51,8.97,DEGRADED
NIGHT,VISITOR ROOM,2,1:24:02,Unknown,74,-63,999,130,11.51,8.97,DEGRADED
NIGHT,VISITOR ROOM,2,1:24:11,Unknown,85,-57,999,130,11.51,8.97,DEGRADED
NIGHT,VISITOR ROOM,2,1:24:20,Unknown,85,-57,999,130,11.51,8.97,DEGRADED
NIGHT,VISITOR ROOM,2,1:24:29,Unknown,85,-57,999,130,11.51,8.97,DEGRADED
NIGHT,ADMIN BUILDING,1,1:38:57,Unknown,87,-56,61,433.3,0,0,OK
NIGHT,ADMIN BUILDING,1,1:39:02,Unknown,87,-56,61,433.3,0,0,OK
NIGHT,ADMIN BUILDING,1,1:39:08,Unknown,87,-56,79,433.3,0,0,OK
NIGHT,ADMIN BUILDING,1,1:39:13,Unknown,87,-56,187,433.3,0,0,DEGRADED
NIGHT,ADMIN BUILDING,1,1:39:19,Unknown,87,-56,76,433.3,40.46,10.25,OK
NIGHT,ADMIN BUILDING,1,1:39:24,Unknown,75,-62,177,325,40.46,10.25,DEGRADED
NIGHT,ADMIN BUILDING,1,1:39:29,Unknown,66,-67,134,195,40.46,10.25,OK
NIGHT,ADMIN BUILDING,1,1:39:35,Unknown,66,-67,73,195,40.46,10.25,OK
NIGHT,ADMIN BUILDING,1,1:39:40,Unknown,66,-67,66,195,40.46,10.25,OK
NIGHT,ADMIN BUILDING,1,1:39:45,Unknown,86,-57,76,433.3,40.46,10.25,OK
NIGHT,ADMIN BUILDING,1,1:39:51,Unknown,86,-57,86,433.3,40.46,10.25,OK
NIGHT,ADMIN BUILDING,1,1:39:56,Unknown,86,-57,154,433.3,40.46,10.25,DEGRADED
NIGHT,ADMIN BUILDING,1,1:40:02,Unknown,86,-57,274,433.3,40.46,10.25,DEGRADED
NIGHT,ADMIN BUILDING,1,1:40:07,Unknown,59,-70,212,130,40.46,10.25,DEGRADED
NIGHT,ADMIN BUILDING,1,1:40:13,Unknown,59,-70,63,130,40.46,10.25,OK
NIGHT,ADMIN BUILDING,1,1:40:18,Unknown,68,-66,77,195,19.2,20.94,OK
NIGHT,ADMIN BUILDING,1,1:40:23,Unknown,73,-63,167,325,19.2,20.94,DEGRADED
NIGHT,ADMIN BUILDING,1,1:40:29,Unknown,80,-60,62,433.3,19.2,20.94,OK
NIGHT,ADMIN BUILDING,1,1:40:34,Unknown,80,-60,63,433.3,19.2,20.94,OK
NIGHT,ADMIN BUILDING,1,1:40:39,Unknown,80,-60,64,433.3,19.2,20.94,OK
NIGHT,ADMIN BUILDING,1,1:40:45,Unknown,80,-60,78,433.3,19.2,20.94,OK
NIGHT,ADMIN BUILDING,1,1:40:50,Unknown,80,-60,69,433.3,19.2,20.94,OK
NIGHT,ADMIN BUILDING,1,1:40:55,Unknown,80,-60,82,433.3,19.2,20.94,OK
NIGHT,ADMIN BUILDING,1,1:41:01,Unknown,80,-60,85,433.3,19.2,20.94,OK
MORNING,HOSTEL ROOM,3,12:24:16,Unknown,90,-55,999,144.4,0,0,DEGRADED
MORNING,HOSTEL ROOM,3,12:24:25,Unknown,90,-55,999,144.4,0,0,DEGRADED
MORNING,HOSTEL ROOM,3,12:24:34,Unknown,90,-55,999,144.4,0,0,DEGRADED
MORNING,HOSTEL ROOM,3,12:24:43,Unknown,90,-55,999,144.4,5.19,8.31,DEGRADED
MORNING,HOSTEL ROOM,3,12:24:52,Unknown,90,-55,999,144.4,5.19,8.31,DEGRADED
MORNING,HOSTEL ROOM,3,12:25:01,Unknown,90,-55,999,144.4,5.19,8.31,DEGRADED
MORNING,HOSTEL ROOM,3,12:25:10,Unknown,90,-55,999,144.4,5.19,8.31,DEGRADED
MORNING,HOSTEL ROOM,3,12:25:19,Unknown,90,-55,999,144.4,5.19,8.31,DEGRADED
MORNING,HOSTEL ROOM,3,12:25:28,Unknown,90,-55,999,144.4,5.19,8.31,DEGRADED
MORNING,HOSTEL ROOM,3,12:25:37,Unknown,90,-55,999,144.4,5.19,8.31,DEGRADED
MORNING,LIBRARY,3,12:58:49,Unknown,71,-64,999,520,0,0,DEGRADED
MORNING,LIBRARY,3,12:58:58,Unknown,63,-68,999,325,0,0,DEGRADED
MORNING,LIBRARY,3,12:59:07,Unknown,69,-65,999,130,0,0,DEGRADED
MORNING,LIBRARY,3,12:59:16,Unknown,73,-63,999,130,0,0,DEGRADED
MORNING,LIBRARY,3,12:59:25,Unknown,70,-65,999,130,0.34,0,DEGRADED
MORNING,LIBRARY,3,12:59:34,Unknown,69,-65,999,130,0.34,0,DEGRADED
MORNING,LIBRARY,3,12:59:43,Unknown,69,-65,999,130,0.34,0,DEGRADED
MORNING,LIBRARY,3,12:59:52,Unknown,71,-64,999,130,0.34,0,DEGRADED
MORNING,LIBRARY,3,13:00:01,Unknown,66,-67,999,86.7,0.34,0,DEGRADED
MORNING,LIBRARY,3,13:00:10,Unknown,71,-64,999,130,0.34,0,DEGRADED
MORNING,LIBRARY,3,13:00:19,Unknown,68,-66,999,86.7,0.34,0,DEGRADED
MORNING,LIBRARY,3,13:00:28,Unknown,76,-62,999,144.4,0.34,0,DEGRADED
MORNING,LIBRARY,3,13:00:37,Unknown,78,-61,999,144.4,0.34,0,DEGRADED
MORNING,LIBRARY,3,13:00:46,Unknown,78,-61,999,144.4,0.34,0,DEGRADED
MORNING,LIBRARY,3,13:00:55,Unknown,88,-56,999,866.7,0.34,0,DEGRADED
MORNING,LIBRARY,3,13:01:04,Unknown,88,-56,999,866.7,0.34,0,DEGRADED
MORNING,LIBRARY,3,13:01:13,Unknown,88,-56,999,866.7,189.59,45.24,DEGRADED
MORNING,LIBRARY,3,13:01:22,Unknown,88,-56,999,866.7,189.59,45.24,DEGRADED
MORNING,LIBRARY,3,13:01:31,Unknown,85,-57,999,866.7,189.59,45.24,DEGRADED
MORNING,LIBRARY,3,13:01:40,Unknown,83,-58,999,780,189.59,45.24,DEGRADED
MORNING,ADMIN BUILDING,3,13:06:54,Unknown,86,-57,999,156,0,0,DEGRADED
MORNING,ADMIN BUILDING,3,13:07:03,Unknown,86,-57,999,156,0,0,DEGRADED
MORNING,ADMIN BUILDING,3,13:07:12,Unknown,86,-57,999,156,0,0,DEGRADED
MORNING,ADMIN BUILDING,3,13:07:21,Unknown,79,-60,999,130,54.58,32.64,DEGRADED
MORNING,ADMIN BUILDING,3,13:07:30,Unknown,76,-62,999,117,54.58,32.64,DEGRADED
MORNING,ADMIN BUILDING,3,13:07:39,Unknown,78,-61,999,130,54.58,32.64,DEGRADED
MORNING,ADMIN BUILDING,3,13:07:48,Unknown,78,-61,999,130,54.58,32.64,DEGRADED
MORNING,ADMIN BUILDING,3,13:07:57,Unknown,79,-60,999,130,54.58,32.64,DEGRADED
MORNING,ADMIN BUILDING,3,13:08:06,Unknown,81,-59,999,156,54.58,32.64,DEGRADED
MORNING,ADMIN BUILDING,3,13:08:15,Unknown,81,-59,999,156,54.58,32.64,DEGRADED
MORNING,ADMIN BUILDING,3,13:08:24,Unknown,81,-59,999,156,54.58,32.64,DEGRADED
MORNING,ADMIN BUILDING,3,13:08:33,Unknown,79,-60,999,130,54.58,32.64,DEGRADED
MORNING,ADMIN BUILDING,3,13:08:42,Unknown,81,-59,999,156,54.58,32.64,DEGRADED
MORNING,ADMIN BUILDING,3,13:08:51,Unknown,77,-61,999,117,54.58,32.64,DEGRADED
MORNING,ADMIN BUILDING,3,13:09:00,Unknown,80,-60,999,130,54.58,32.64,DEGRADED
MORNING,CANTEEN,2,13:12:59,Unknown,61,-69,999,65,0,0,DEGRADED
MORNING,CANTEEN,2,13:13:08,Unknown,37,-81,999,58.5,0,0,DEGRADED
MORNING,CANTEEN,2,13:13:17,Unknown,38,-81,999,65,0,0,DEGRADED
MORNING,CANTEEN,2,13:13:26,Unknown,74,-63,999,117,5.94,17.66,DEGRADED
MORNING,CANTEEN,2,13:13:35,Unknown,66,-67,999,78,5.94,17.66,DEGRADED
MORNING,CANTEEN,2,13:13:44,Unknown,61,-69,999,65,5.94,17.66,DEGRADED
MORNING,CANTEEN,2,13:13:53,Unknown,78,-61,999,130,5.94,17.66,DEGRADED
MORNING,CANTEEN,2,13:14:02,Unknown,66,-67,999,78,5.94,17.66,DEGRADED
MORNING,CANTEEN,2,13:14:11,Unknown,38,-81,999,65,5.94,17.66,DEGRADED
MORNING,CANTEEN,2,13:14:20,Unknown,36,-82,999,58.5,5.94,17.66,DEGRADED
MORNING,CANTEEN,2,13:14:29,Unknown,36,-82,999,6.5,5.94,17.66,DEGRADED
MORNING,CANTEEN,2,13:14:38,Unknown,62,-69,999,65,5.94,17.66,DEGRADED
MORNING,CANTEEN,2,13:14:47,Unknown,70,-65,999,117,5.94,17.66,DEGRADED
MORNING,CANTEEN,2,13:14:56,Unknown,75,-62,999,130,5.94,17.66,DEGRADED
MORNING,CANTEEN,2,13:15:05,Unknown,61,-69,999,65,5.94,17.66,DEGRADED
MORNING,OPEN ROAD,1,13:27:36,NONE,0,-100,999,0,0,0,DEGRADED
MORNING,OPEN ROAD,1,13:27:45,NONE,0,-100,999,0,0,0,DEGRADED
MORNING,OPEN ROAD,1,13:27:54,NONE,0,-100,999,0,0,0,DEGRADED
MORNING,OPEN ROAD,1,13:28:03,NONE,0,-100,999,0,0,0,DEGRADED
MORNING,OPEN ROAD,1,13:28:12,NONE,0,-100,999,0,0,0,DEGRADED
MORNING,OPEN ROAD,1,13:28:18,NONE,0,-100,999,0,0,0,DEGRADED
MORNING,OPEN ROAD,1,13:28:27,NONE,0,-100,999,0,0,0,DEGRADED
MORNING,OPEN ROAD,1,13:28:36,NONE,0,-100,999,0,0,0,DEGRADED
MORNING,OPEN ROAD,1,13:28:42,Unknown,35,-82,999,286.5,0,0,DEGRADED
MORNING,OPEN ROAD,1,13:28:51,Unknown,35,-82,999,286.5,0,0,DEGRADED
MORNING,OPEN ROAD,1,13:29:00,Unknown,33,-83,999,286.5,0,0,DEGRADED
MORNING,OPEN ROAD,1,13:29:09,Unknown,35,-82,999,286.5,0,0,DEGRADED
MORNING,OPEN ROAD,1,13:29:18,Unknown,35,-82,999,286.5,0,0,DEGRADED
MORNING,OPEN ROAD,1,13:29:27,Unknown,34,-83,999,286.5,0,0,DEGRADED
MORNING,OPEN ROAD,1,13:29:36,Unknown,34,-83,999,286.5,0,0,DEGRADED
MORNING,OPEN ROAD,1,13:29:45,Unknown,34,-83,999,286.5,0,0,DEGRADED
MORNING,OPEN ROAD,1,13:29:54,Unknown,34,-83,999,286.5,3.1,2.61,DEGRADED
MORNING,OPEN ROAD,1,13:30:03,Unknown,34,-83,999,286.5,3.1,2.61,DEGRADED
MORNING,OPEN ROAD,1,13:30:12,Unknown,34,-83,999,286.5,3.1,2.61,DEGRADED
MORNING,OPEN ROAD,1,13:30:21,Unknown,34,-83,999,286.5,3.1,2.61,DEGRADED
MORNING,OPEN ROAD,1,13:30:30,Unknown,34,-83,999,286.5,3.1,2.61,DEGRADED
MORNING,OPEN ROAD,1,13:30:39,Unknown,34,-83,999,286.5,3.1,2.61,DEGRADED
MORNING,OPEN ROAD,1,13:30:48,Unknown,34,-83,999,286.5,3.1,2.61,DEGRADED
MORNING,CLASSROOM,5,13:41:44,Unknown,89,-55,999,1201,0,0,DEGRADED
MORNING,CLASSROOM,5,13:41:53,Unknown,89,-55,999,1201,0,0,DEGRADED
MORNING,CLASSROOM,5,13:42:02,Unknown,89,-55,999,1201,0,0,DEGRADED
MORNING,CLASSROOM,5,13:42:11,Unknown,89,-55,999,1201,56.52,53.88,DEGRADED
MORNING,CLASSROOM,5,13:42:20,Unknown,89,-55,999,1201,56.52,53.88,DEGRADED
MORNING,CLASSROOM,5,13:42:29,Unknown,89,-55,999,1201,56.52,53.88,DEGRADED
MORNING,CLASSROOM,5,13:42:38,Unknown,89,-55,999,1201,56.52,53.88,DEGRADED
MORNING,CLASSROOM,5,13:42:47,Unknown,89,-55,999,1201,56.52,53.88,DEGRADED
MORNING,CLASSROOM,5,13:42:56,Unknown,89,-55,999,1201,56.52,53.88,DEGRADED
MORNING,CLASSROOM,5,13:43:05,Unknown,89,-55,999,1201,56.52,53.88,DEGRADED
MORNING,CLASSROOM,5,13:43:14,Unknown,89,-55,999,1201,56.52,53.88,DEGRADED
MORNING,CLASSROOM,5,13:43:23,Unknown,89,-55,999,1201,56.52,53.88,DEGRADED
MORNING,CLASSROOM,5,13:43:32,Unknown,89,-55,999,1201,56.52,53.88,DEGRADED
MORNING,CLASSROOM,5,13:43:41,Unknown,89,-55,999,1201,56.52,53.88,DEGRADED
MORNING,CLASSROOM,5,13:43:50,Unknown,89,-55,999,1201,56.52,53.88,DEGRADED
MORNING,CLASSROOM,5,13:43:59,Unknown,89,-55,999,1201,94.88,43.98,DEGRADED
MORNING,CLASSROOM,5,13:44:08,Unknown,89,-55,999,1201,94.88,43.98,DEGRADED
MORNING,CLASSROOM,5,13:44:17,Unknown,89,-55,999,1201,94.88,43.98,DEGRADED
MORNING,CLASSROOM,5,13:44:26,Unknown,89,-55,999,1201,94.88,43.98,DEGRADED
MORNING,CLASSROOM,5,13:44:35,Unknown,89,-55,999,1201,94.88,43.98,DEGRADED
MORNING,CLASSROOM,5,13:44:44,Unknown,89,-55,999,1201,94.88,43.98,DEGRADED
MORNING,CLASSROOM,5,13:44:53,Unknown,89,-55,999,1201,94.88,43.98,DEGRADED
MORNING,CLASSROOM,5,13:45:02,Unknown,89,-55,999,1201,94.88,43.98,DEGRADED
MORNING,CLASSROOM,5,13:45:11,Unknown,89,-55,999,1201,94.88,43.98,DEGRADED
MORNING,CLASSROOM,5,13:45:20,Unknown,89,-55,999,1201,94.88,43.98,DEGRADED
MORNING,CLASSROOM,5,13:45:29,Unknown,89,-55,999,1201,94.88,43.98,DEGRADED
MORNING,CLASSROOM,5,13:45:38,Unknown,89,-55,999,1201,94.88,43.98,DEGRADED
MORNING,CLASSROOM,5,13:45:47,Unknown,89,-55,999,1201,73.29,48.52,DEGRADED
MORNING,CORE5 GF,5,13:50:16,Unknown,72,-64,999,520,0,0,DEGRADED
MORNING,CORE5 GF,5,13:50:25,Unknown,68,-66,999,390,0,0,DEGRADED
MORNING,CORE5 GF,5,13:50:34,Unknown,70,-65,999,520,0,0,DEGRADED
MORNING,CORE5 GF,5,13:50:43,Unknown,70,-65,999,520,79.95,46.38,DEGRADED
MORNING,CORE5 GF,5,13:50:52,Unknown,70,-65,999,520,79.95,46.38,DEGRADED
MORNING,CORE5 GF,5,13:51:01,Unknown,79,-60,999,650,79.95,46.38,DEGRADED
MORNING,CORE5 GF,5,13:51:10,Unknown,64,-68,999,325,79.95,46.38,DEGRADED
MORNING,CORE5 GF,5,13:51:19,Unknown,60,-70,999,325,79.95,46.38,DEGRADED
MORNING,CORE5 GF,5,13:51:28,Unknown,67,-66,999,390,79.95,46.38,DEGRADED
MORNING,CORE5 GF,5,13:52:45,Unknown,69,-65,999,390,0,0,DEGRADED
MORNING,CORE5 GF,5,13:52:54,Unknown,65,-67,999,325,0,0,DEGRADED
MORNING,CORE5 GF,5,13:53:03,Unknown,81,-59,999,144.4,0,0,DEGRADED
MORNING,CORE5 GF,5,13:53:12,Unknown,82,-59,999,144.4,9.07,1.55,DEGRADED
MORNING,CORE5 GF,5,13:53:21,Unknown,82,-59,999,144.4,9.07,1.55,DEGRADED
MORNING,CORE5 GF,5,13:53:30,Unknown,82,-59,999,144.4,9.07,1.55,DEGRADED
MORNING,CORE5 GF,5,13:53:39,Unknown,80,-60,999,144.4,9.07,1.55,DEGRADED
MORNING,CORE5 GF,5,13:53:48,Unknown,80,-60,999,144.4,9.07,1.55,DEGRADED
MORNING,CORE5 GF,5,13:53:57,Unknown,79,-60,999,144.4,9.07,1.55,DEGRADED
MORNING,CORE5 GF,5,13:54:06,Unknown,85,-57,999,144.4,9.07,1.55,DEGRADED
MORNING,CORE5 GF,5,13:54:15,Unknown,85,-57,999,144.4,9.07,1.55,DEGRADED
MORNING,CORE5 GF,5,13:54:24,Unknown,85,-57,999,144.4,9.07,1.55,DEGRADED
MORNING,CORE5 GF,5,13:54:33,Unknown,85,-57,999,144.4,9.07,1.55,DEGRADED
MORNING,CORE5 GF,5,13:54:42,Unknown,85,-57,999,144.4,9.07,1.55,DEGRADED
MORNING,CORE5 GF,5,13:54:51,Unknown,85,-57,999,144.4,9.07,1.55,DEGRADED
MORNING,CORE5 GF,5,13:55:00,Unknown,85,-57,999,144.4,9.83,3.25,DEGRADED
MORNING,CORE5 GF,5,13:55:09,Unknown,85,-57,999,144.4,9.83,3.25,DEGRADED
MORNING,CORE5 GF,5,13:55:18,Unknown,85,-57,999,144.4,9.83,3.25,DEGRADED
MORNING,CORE5 GF,5,13:55:27,Unknown,85,-57,999,144.4,9.83,3.25,DEGRADED
MORNING,CORE5 GF,5,13:55:36,Unknown,85,-57,999,144.4,9.83,3.25,DEGRADED
MORNING,CORE5 GF,5,13:55:45,Unknown,82,-59,999,144.4,9.83,3.25,DEGRADED
MORNING,CORE5 GF,5,13:55:54,Unknown,82,-59,999,144.4,9.83,3.25,DEGRADED
MORNING,CORE5 GF,5,13:56:03,Unknown,82,-59,999,144.4,9.83,3.25,DEGRADED
MORNING,CORE5 GF,5,13:56:12,Unknown,82,-59,999,144.4,9.83,3.25,DEGRADED
MORNING,CORE5 GF,5,13:56:21,Unknown,82,-59,999,144.4,9.83,3.25,DEGRADED
MORNING,CORE5 GF,5,13:56:30,Unknown,82,-59,999,144.4,9.83,3.25,DEGRADED
MORNING,CORE5 GF,5,13:56:39,Unknown,82,-59,999,144.4,9.83,3.25,DEGRADED
MORNING,CORE5 GF,5,13:56:48,Unknown,74,-63,999,585,9.83,3.25,DEGRADED
MORNING,CORE5 GF,5,13:56:57,Unknown,74,-63,999,585,11.77,20.76,DEGRADED
MORNING,CORE5 GF,5,13:57:06,Unknown,70,-65,999,520,11.77,20.76,DEGRADED
MORNING,CORE5 GF,5,13:57:15,Unknown,73,-63,999,520,11.77,20.76,DEGRADED
MORNING,CORE5 GF,5,13:57:24,Unknown,81,-59,999,780,11.77,20.76,DEGRADED
MORNING,NEW SAC,4,14:33:27,Unknown,86,-57,999,156,0,0,DEGRADED
MORNING,NEW SAC,4,14:33:36,Unknown,86,-57,999,156,0,0,DEGRADED
MORNING,NEW SAC,4,14:33:45,Unknown,86,-57,999,156,0,0,DEGRADED
MORNING,NEW SAC,4,14:33:54,Unknown,86,-57,999,156,0,0,DEGRADED
MORNING,NEW SAC,4,14:34:03,Unknown,86,-57,999,156,0,0,DEGRADED
MORNING,NEW SAC,4,14:34:12,Unknown,86,-57,999,156,0,0,DEGRADED
MORNING,NEW SAC,4,14:34:21,Unknown,83,-58,999,156,0,0,DEGRADED
MORNING,NEW SAC,4,14:34:30,Unknown,83,-58,999,156,0,0,DEGRADED
MORNING,NEW SAC,4,14:34:39,Unknown,83,-58,999,156,0,0,DEGRADED
MORNING,NEW SAC,4,14:34:48,Unknown,83,-58,999,156,0,0,DEGRADED
MORNING,NEW SAC,4,14:34:57,Unknown,83,-58,999,156,0,0,DEGRADED
MORNING,NEW SAC,4,14:35:06,Unknown,83,-58,999,156,0,0,DEGRADED
MORNING,NEW SAC,4,14:35:15,Unknown,83,-58,999,156,0,0,DEGRADED
MORNING,NEW SAC,4,14:35:24,Unknown,83,-58,999,156,0,0,DEGRADED
MORNING,NEW SAC,4,14:35:33,Unknown,83,-58,999,156,0,0,DEGRADED
MORNING,NEW SAC,4,14:35:42,Unknown,83,-58,999,156,0,0,DEGRADED
MORNING,NEW SAC,4,14:35:51,Unknown,83,-58,999,156,0,0,DEGRADED
MORNING,NEW SAC,4,14:36:00,Unknown,83,-58,999,156,0,0,DEGRADED
MORNING,NEW SAC,4,14:36:09,Unknown,83,-58,999,156,0,0,DEGRADED
MORNING,NEW SAC,4,14:36:18,Unknown,83,-58,999,156,0,0,DEGRADED
MORNING,NEW SAC,4,14:36:27,Unknown,83,-58,999,156,0,0,DEGRADED
MORNING,NEW SAC,4,14:36:36,Unknown,83,-58,999,156,0,0,DEGRADED
MORNING,NEW SAC,4,14:36:45,Unknown,83,-58,999,156,0,0,DEGRADED
MORNING,NEW SAC,4,14:36:54,Unknown,83,-58,999,156,0,0,DEGRADED
MORNING,NEW SAC,4,14:37:03,Unknown,83,-58,999,156,0,0,DEGRADED
MORNING,NEW SAC,4,14:37:12,Unknown,83,-58,999,156,0,0,DEGRADED
MORNING,NEW SAC,4,14:37:21,Unknown,83,-58,999,156,0,0,DEGRADED
MORNING,NEW SAC,4,14:37:30,Unknown,83,-58,999,156,0,0,DEGRADED
MORNING,NEW SAC,4,14:37:39,Unknown,83,-58,999,156,0,0,DEGRADED
MORNING,NEW SAC,4,14:37:48,Unknown,83,-58,999,156,0,0,DEGRADED
MORNING,NEW SAC,4,14:37:57,Unknown,83,-58,999,156,0,0,DEGRADED
MORNING,NEW SAC,4,14:38:06,Unknown,83,-58,999,156,0,0,DEGRADED
MORNING,NEW SAC,4,14:38:15,Unknown,83,-58,999,156,0,0,DEGRADED
MORNING,NEW SAC,4,14:38:24,Unknown,83,-58,999,156,0,0,DEGRADED
MORNING,NEW SAC,4,14:38:33,Unknown,83,-58,999,156,0,0,DEGRADED
MORNING,NEW SAC,4,14:38:42,Unknown,83,-58,999,156,0,0,DEGRADED
MORNING,NEW SAC,4,14:38:51,Unknown,83,-58,999,156,0,0,DEGRADED
MORNING,NEW SAC,4,14:39:00,Unknown,83,-58,999,156,0,0,DEGRADED
MORNING,NEW SAC,4,14:39:09,Unknown,83,-58,999,156,0,0,DEGRADED
MORNING,NEW SAC,4,14:39:18,Unknown,83,-58,999,156,0,0,DEGRADED
MORNING,NEW SAC,4,14:39:27,Unknown,83,-58,999,156,0,0,DEGRADED
MORNING,NEW SAC,4,14:39:36,Unknown,83,-58,999,156,0,0,DEGRADED
MORNING,NEW SAC,4,14:39:45,Unknown,83,-58,999,156,0,0,DEGRADED
MORNING,NEW SAC,4,14:39:54,Unknown,83,-58,999,156,0,0,DEGRADED
MORNING,NEW SAC,4,14:40:03,Unknown,83,-58,999,156,0,0,DEGRADED
MORNING,NEW SAC,4,14:40:12,Unknown,83,-58,999,156,0,0,DEGRADED
MORNING,NEW SAC,4,14:40:21,Unknown,83,-58,999,156,0,0,DEGRADED
MORNING,NEW SAC,4,14:40:30,Unknown,83,-58,999,156,0,0,DEGRADED
MORNING,NEW SAC,4,14:40:39,Unknown,83,-58,999,156,0,0,DEGRADED
MORNING,NEW SAC,4,14:40:48,Unknown,90,-55,123,433.3,0,0,OK
MORNING,NEW SAC,4,14:40:54,Unknown,90,-55,99,433.3,0,0,OK
MORNING,NEW SAC,4,14:40:59,Unknown,90,-55,999,433.3,0,0,DEGRADED
MORNING,NEW SAC,4,14:41:08,Unknown,90,-55,270,433.3,0,0,DEGRADED
MORNING,NEW SAC,4,14:41:13,Unknown,90,-55,411,433.3,0,0,DEGRADED
MORNING,NEW SAC,4,14:41:19,Unknown,90,-55,75,433.3,0.6,0.46,OK
MORNING,NEW SAC,4,14:41:24,Unknown,90,-55,65,433.3,0.6,0.46,OK
MORNING,NEW SAC,4,14:41:29,Unknown,90,-55,133,433.3,0.6,0.46,OK
MORNING,NEW SAC,4,14:41:34,Unknown,90,-55,110,433.3,0.6,0.46,OK
MORNING,NEW SAC,4,14:41:40,Unknown,90,-55,80,433.3,0.6,0.46,OK
MORNING,NEW SAC,4,14:41:45,Unknown,90,-55,85,433.3,0.6,0.46,OK
MORNING,NEW SAC,4,14:41:50,Unknown,90,-55,101,433.3,0.6,0.46,OK
MORNING,NEW SAC,4,14:41:55,Unknown,90,-55,65,433.3,0.6,0.46,OK
MORNING,NEW SAC,4,14:42:01,Unknown,90,-55,86,433.3,0.6,0.46,OK
MORNING,NEW SAC,4,14:42:06,Unknown,90,-55,441,433.3,0.6,0.46,DEGRADED
MORNING,NEW SAC,4,14:42:11,Unknown,90,-55,167,433.3,0.6,0.46,DEGRADED
MORNING,NEW SAC,4,14:42:17,Unknown,90,-55,419,433.3,0.6,0.46,DEGRADED
MORNING,NEW SAC,4,14:42:22,Unknown,90,-55,1638,433.3,0.6,0.46,DEGRADED
MORNING,NEW SAC,4,14:42:29,Unknown,90,-55,205,433.3,0.6,0.46,DEGRADED
MORNING,NEW SAC,4,14:42:34,Unknown,90,-55,336,433.3,0.6,0.46,DEGRADED
MORNING,NEW SAC,4,14:42:40,Unknown,90,-55,254,433.3,0.6,0.46,DEGRADED
MORNING,NEW SAC,4,14:42:45,Unknown,90,-55,75,433.3,1.12,0.61,OK
MORNING,NEW SAC,4,14:42:51,Unknown,90,-55,65,433.3,1.12,0.61,OK
MORNING,NEW SAC,4,14:42:56,Unknown,90,-55,61,433.3,1.12,0.61,OK
MORNING,NEW SAC,4,14:43:01,Unknown,90,-55,69,433.3,1.12,0.61,OK
MORNING,NEW SAC,4,14:43:06,Unknown,90,-55,79,433.3,1.12,0.61,OK
MORNING,NEW SAC,4,14:43:11,Unknown,90,-55,1611,433.3,1.12,0.61,DEGRADED
MORNING,NEW SAC,4,14:43:18,Unknown,90,-55,278,433.3,1.12,0.61,DEGRADED
MORNING,NEW SAC,4,14:43:24,Unknown,90,-55,999,433.3,1.48,0,DEGRADED
MORNING,NEW SAC,4,14:43:32,Unknown,90,-55,999,433.3,1.48,0,DEGRADED
MORNING,NEW SAC,4,14:43:41,Unknown,90,-55,999,433.3,1.48,0,DEGRADED
MORNING,NEW SAC,4,14:43:47,Unknown,91,-54,999,72.2,1.48,0,DEGRADED