Timestamp,How frequently do you face Wi-Fi/connectivity issues on campus?  ,What kind of network problems do you face most often?  ,  Where do you face these problems most frequently?  ,   How does poor connectivity affect you?  ,What would you find most useful in a better campus Wi-Fi system?  
25/09/2026 21:08:20,Almost every day,Slow internet speed,Hostel room,Assignments/project work,A live campus Wi-Fi coverage/quality map
25/09/2026 21:13:46,Almost every day,Slow internet speed,EVERYWHERE ,Downloading/uploading files,A live campus Wi-Fi coverage/quality map
25/09/2026 21:17:36,Almost every day,Unable to connect to Wi-Fi,Academic buildings/classrooms,Assignments/project work,Automatically detecting network issues and notifying the concerned team
25/09/2026 21:23:49,Almost every day,All,Hostel room,All,All
25/09/2026 21:27:34,Almost every day,Every option of above,Every above option,Every above option,A better wifi
25/09/2026 21:28:39,Several times a week,Unable to connect to Wi-Fi,Hostel room,Assignments/project work,A live campus Wi-Fi coverage/quality map
25/09/2026 21:32:40,Almost every day,Frequent disconnection,Mess/canteen,Online events/hackathons,Knowing which areas currently have better connectivity
25/09/2026 21:33:22,Several times a week,Unable to connect to Wi-Fi,Academic buildings/classrooms,Downloading/uploading files,A live campus Wi-Fi coverage/quality map
25/09/2026 21:33:31,Almost every day,Frequent disconnection,Hostel common area,Online classes/academic work,cant you guys just make ur connection better i missed my deadline just because of poor internet
25/09/2026 21:33:40,Almost every day,Frequent disconnection,Hostel room,Downloading/uploading files,A way to report network problems with location and network data attached
25/09/2026 21:34:37,Almost every day,Slow internet speed,Academic buildings/classrooms,Downloading/uploading files,A live campus Wi-Fi coverage/quality map
25/09/2026 21:35:58,Almost every day,All of the above,All places ,Coding/development,A live campus Wi-Fi coverage/quality map
25/09/2026 21:36:33,Almost every day,Slow internet speed,Hostel room,Downloading/uploading files,A live campus Wi-Fi coverage/quality map
25/09/2026 21:37:12,Almost every day,Unable to connect to Wi-Fi,Hostel room,Online classes/academic work,A way to report network problems with location and network data attached
25/09/2026 21:37:41,Almost every day,Unable to connect to Wi-Fi,Hostel room,Online classes/academic work,A way to report network problems with location and network data attached
25/09/2026 21:39:11,Almost every day,Slow internet speed,Hostel room,Assignments/project work,A way to report network problems with location and network data attached
25/09/2026 21:39:47,Almost every day,Frequent disconnection,Hostel room,Online classes/academic work,A way to report network problems with location and network data attached
25/09/2026 21:41:43,Several times a week,Unable to connect to Wi-Fi,Academic buildings/classrooms,Everything because internet doesn't work,It should just work.
25/09/2026 21:41:45,Rarely,Slow internet speed,Hostel room,Downloading/uploading files,Identifying locations with recurring network problems
25/09/2026 21:42:38,Almost every day,Slow internet speed,Hostel room,Downloading/uploading files,A live campus Wi-Fi coverage/quality map
25/09/2026 21:43:05,Almost every day,Unable to connect to Wi-Fi,Hostel common area,Online classes/academic work,Automatically detecting network issues and notifying the concerned team
25/09/2026 21:44:35,Rarely,Frequent disconnection,Hostel room,Video calls/meetings,Automatically detecting network issues and notifying the concerned team
25/09/2026 21:45:38,Almost every day,High latency/ping during calls or online activities,Hostel room,Online events/hackathons,A way to report network problems with location and network data attached
25/09/2026 21:47:20,Several times a week,Slow internet speed,Hostel room,Assignments/project work,Automatically detecting network issues and notifying the concerned team
25/09/2026 21:48:04,Almost every day,Unable to connect to Wi-Fi,Hostel library and mess,Assignments/project work,A way to report network problems with location and network data attached
25/09/2026 21:49:59,Almost every day,Slow internet speed,Hostel room,Coding/development,A live campus Wi-Fi coverage/quality map
25/09/2026 21:54:14,Several times a week,Frequent disconnection,Mess/canteen,Streaming/content consumption,Predicting when/where congestion is likely to occur
25/09/2026 21:56:18,Almost every day,All of the above,Hostel room,Assignments/project work,A live campus Wi-Fi coverage/quality map
25/09/2026 21:59:38,Almost every day,Slow internet speed,Hostel room,Online events/hackathons,A live campus Wi-Fi coverage/quality map
25/09/2026 22:01:42,Almost every day,Slow internet speed,Hostel room,Coding/development,Just increase the network speed that's the only need of the whole campus
25/09/2026 22:01:59,Several times a week,Slow internet speed,Hostel room,Online classes/academic work,A live campus Wi-Fi coverage/quality map
25/09/2026 22:09:49,Almost every day,Unable to connect to Wi-Fi,Hostel room,Assignments/project work,A live campus Wi-Fi coverage/quality map
25/09/2026 22:10:06,Almost every day,High latency/ping during calls or online activities,Hostel room,Video calls/meetings,A live campus Wi-Fi coverage/quality map
25/09/2026 22:12:04,Almost every day,Slow internet speed,Hostel room,Coding/development,A live campus Wi-Fi coverage/quality map
25/09/2026 22:23:04,Almost every day,Slow internet speed,Hostel Reading Room,Coding/development,A way to report network problems with location and network data attached
25/09/2026 22:36:00,Almost every day,Slow internet speed,Hostel common area,Coding/development,A way to report network problems with location and network data attached
25/09/2026 22:43:17,Almost every day,Slow internet speed,Library,Downloading/uploading files,A live campus Wi-Fi coverage/quality map
25/09/2026 22:55:17,Almost every day,Slow internet speed,Hostel room,Downloading/uploading files,A way to report network problems with location and network data attached
25/09/2026 23:08:27,Almost every day,Slow internet speed,Hostel room,Online classes/academic work,Better wifi speed
25/09/2026 23:08:49,Almost every day,Slow internet speed,Hostel room,Online classes/academic work,Identifying locations with recurring network problems
25/09/2026 23:09:38,Almost every day,Slow internet speed,Academic buildings/classrooms,Assignments/project work,Automatically detecting network issues and notifying the concerned team
25/09/2026 23:16:07,Almost every day,all of these problems!,everywhere accept academic area,Online classes/academic work,A live campus Wi-Fi coverage/quality map
25/09/2026 23:18:46,Several times a week,Frequent disconnection,Hostel room,Assignments/project work,Knowing which areas currently have better connectivity
25/09/2026 23:19:31,Almost every day,Frequent disconnection,Hostel room,Downloading/uploading files,Automatically detecting network issues and notifying the concerned team
25/09/2026 23:30:16,Almost every day,all of the above,all of the above,all of the above,all of the above
25/09/2026 23:33:28,Several times a week,Unable to connect to Wi-Fi,Academic buildings/classrooms,Downloading/uploading files,A live campus Wi-Fi coverage/quality map
25/09/2026 23:35:27,Almost every day,Unable to connect to Wi-Fi,Hostel common area,Online classes/academic work,A live campus Wi-Fi coverage/quality map
25/09/2026 23:37:28,Almost every day,Slow internet speed,Hostel room,All,A way to report network problems with location and network data attached
25/09/2026 23:45:59,Almost every day,Slow internet speed,Hostel room,Online classes/academic work,A live campus Wi-Fi coverage/quality map
25/09/2026 23:47:46,Almost every day,Unable to connect to Wi-Fi,Hostel room,Coding/development,Identifying locations with recurring network problems
25/09/2026 23:50:36,Almost every day,Unable to connect to Wi-Fi,Library,Online classes/academic work,A live campus Wi-Fi coverage/quality map
25/09/2026 23:54:03,Almost every day,Unable to connect to Wi-Fi,Hostel common area,Assignments/project work,Identifying locations with recurring network problems
25/09/2026 23:56:47,Several times a week,Slow internet speed,Hostel room,Assignments/project work,A live campus Wi-Fi coverage/quality map
25/09/2026 23:59:24,Almost every day,Frequent disconnection,Hostel common area,Assignments/project work,Automatically detecting network issues and notifying the concerned team
26/09/2026 00:08:44,Almost every day,Slow internet speed,Hostel room,Online events/hackathons,A live campus Wi-Fi coverage/quality map
26/09/2026 00:11:41,Almost every day,Slow internet speed,Hostel common area,Downloading/uploading files,A way to report network problems with location and network data attached
26/09/2026 00:12:01,Almost every day,All of the above,Everywhere,It kills the vibe,A live campus Wi-Fi coverage/quality map
26/09/2026 00:47:17,Almost every day,Slow internet speed,Hostel common area,Assignments/project work,A live campus Wi-Fi coverage/quality map
26/09/2026 00:57:14,Almost every day,Unable to connect to Wi-Fi,Hostel room,Coding/development,A live campus Wi-Fi coverage/quality map
26/09/2026 00:57:36,Almost every day,Slow internet speed,"new sac, academic buildings, no wifi in hostel rooms",Assignments/project work,A way to report network problems with location and network data attached
26/09/2026 01:53:26,Almost every day,Frequent disconnection,Hostel room,Assignments/project work,A live campus Wi-Fi coverage/quality map
26/09/2026 02:26:50,Rarely,Unable to connect to Wi-Fi,Hostel room,Online classes/academic work,Knowing which areas currently have better connectivity
26/09/2026 06:38:32,Almost every day,Slow internet speed,Hostel room,Assignments/project work,A live campus Wi-Fi coverage/quality map
26/09/2026 06:40:38,Almost every day,All,All,Assignments/project work,Automatically detecting network issues and notifying the concerned team
26/09/2026 09:00:26,Almost every day,All of the above,Hostel room,Assignments/project work,Automatically detecting network issues and notifying the concerned team
26/09/2026 09:03:58,Almost every day,Unable to connect to Wi-Fi,Hostel room,Online classes/academic work,Identifying locations with recurring network problems
26/09/2026 10:11:41,Almost every day,Slow internet speed,Academic buildings/classrooms,Assignments/project work,A live campus Wi-Fi coverage/quality map
26/09/2026 10:20:49,Almost every day,Slow internet speed,Hostel room,Assignments/project work,Automatically detecting network issues and notifying the concerned team
26/09/2026 10:28:10,Almost every day,Frequent disconnection,Academic buildings/classrooms,Assignments/project work,Identifying locations with recurring network problems
26/09/2026 10:46:28,Several times a week,Unable to connect to Wi-Fi,Hostel room,Streaming/content consumption,A live campus Wi-Fi coverage/quality map
26/09/2026 11:23:08,Almost every day,Frequent disconnection,Hostel room,Assignments/project work,Automatically detecting network issues and notifying the concerned team
26/09/2026 12:59:50,Almost every day,Some legal and study related  websites which are legal are blocked they should be unrestricted ,Hostel room,Online events/hackathons,A live campus Wi-Fi coverage/quality map
26/09/2026 13:06:59,Almost every day,Slow internet speed,Hostel room,Online classes/academic work,A live campus Wi-Fi coverage/quality map
26/09/2026 15:53:55,Almost every day,High latency/ping during calls or online activities,Hostel room,Online events/hackathons,Knowing which areas currently have better connectivity